{
 "name": "PURPOSE",
 "children": [
  {
   "name": "Strategia",
   "children": [
    {
     "name": "Viestintästrategia",
     "children": [
      {"name": "Sisäinen viestintä", "size": 1},
      {"name": "Viestintäsuunnitelma", "size": 1}
     ]
    },
    {
     "name": "Arvoprosessi",
     "children": [
      {"name": "TuoteA", "size": 1},
      {"name": "TuoteB", "size": 1}
     ]
    },
    {
     "name": "Brändistartegia",
     "children": [
      {"name": "TuoteA", "size": 1}
     ]
    }
   ]
  },
  {
   "name": "Kulttuuri",
   "children": [
    {"name": "TuoteA", "size": 1},
    {"name": "TuoteB", "size": 1},
    {"name": "TuoteC", "size": 1},
    {"name": "TuoteD", "size": 1},
    {
     "name": "Alue1",
     "children": [
      {"name": "TuoteA", "size": 1},
      {"name": "TuoteB", "size": 1}
     ]
    },
    {"name": "TuoteA", "size": 0},
    {"name": "TuoteB", "size": 0}
   ]
  },
  {
   "name": "data",
   "children": [
    {
     "name": "converters",
     "children": [
      {"name": "JSONConverter", "size": 0}
     ]
    },
    {"name": "DataField", "size": 0},
    {"name": "DataUtil", "size": 0}
   ]
  },
  {
   "name": "display",
   "children": [
    {"name": "DirtySprite", "size": 0},
    {"name": "TextSprite", "size": 0}
   ]
  },
  {
   "name": "flex",
   "children": [
    {"name": "FlareVis", "size": 0}
   ]
  },
  {
   "name": "physics",
   "children": [
    {"name": "DragForce", "size": 0},
    {"name": "SpringForce", "size": 0}
   ]
  },
  {
   "name": "query",
   "children": [
    {"name": "AggregateExpression", "size": 0},
    {"name": "Maximum", "size": 0},
    {
     "name": "methods",
     "children": [
      {"name": "add", "size": 0},
      {"name": "_", "size": 0}
     ]
    },
    {"name": "Minimum", "size": 0},
    {"name": "Xor", "size": 0}
   ]
  },
  {
   "name": "scale",
   "children": [
    {"name": "IScaleMap", "size": 0},
    {"name": "TimeScale", "size": 0}
   ]
  }
 ]
}
