{
 "name": "flare",
 "children": [
  {
   "name": "analytics",
   "children": [
    {
     "name": "cluster",
     "children": [
      {"name": "AgglomerativeCluster", "size": 3938},
      {"name": "MergeEdge", "size": 743}
     ]
    },
    {
     "name": "graph",
     "children": [
      {"name": "BetweennessCentrality", "size": 3534},
      {"name": "SpanningTree", "size": 3416}
     ]
    },
    {
     "name": "optimization",
     "children": [
      {"name": "AspectRatioBanker", "size": 7074}
     ]
    }
   ]
  },
  {
   "name": "animate",
   "children": [
    {"name": "Easing", "size": 17010},
    {"name": "FunctionSequence", "size": 5842},
    {
     "name": "interpolate",
     "children": [
      {"name": "ArrayInterpolator", "size": 1983},
      {"name": "RectangleInterpolator", "size": 2042}
     ]
    },
    {"name": "ISchedulable", "size": 1041},
    {"name": "Tween", "size": 6006}
   ]
  },
  {
   "name": "data",
   "children": [
    {
     "name": "converters",
     "children": [
      {"name": "JSONConverter", "size": 2220}
     ]
    },
    {"name": "DataField", "size": 1759},
    {"name": "DataUtil", "size": 3322}
   ]
  },
  {
   "name": "display",
   "children": [
    {"name": "DirtySprite", "size": 8833},
    {"name": "TextSprite", "size": 10066}
   ]
  },
  {
   "name": "flex",
   "children": [
    {"name": "FlareVis", "size": 4116}
   ]
  },
  {
   "name": "physics",
   "children": [
    {"name": "DragForce", "size": 1082},
    {"name": "SpringForce", "size": 1681}
   ]
  },
  {
   "name": "query",
   "children": [
    {"name": "AggregateExpression", "size": 1616},
    {"name": "Maximum", "size": 843},
    {
     "name": "methods",
     "children": [
      {"name": "add", "size": 593},
      {"name": "_", "size": 264}
     ]
    },
    {"name": "Minimum", "size": 843},
    {"name": "Xor", "size": 1101}
   ]
  },
  {
   "name": "scale",
   "children": [
    {"name": "IScaleMap", "size": 2105},
    {"name": "TimeScale", "size": 5833}
   ]
  },
  {
   "name": "util",
   "children": [
    {"name": "Arrays", "size": 8258},
    {"name": "Geometry", "size": 10993},
    {
     "name": "heap",
     "children": [
      {"name": "FibonacciHeap", "size": 9354},
      {"name": "HeapNode", "size": 1233}
     ]
    },
    {"name": "IEvaluable", "size": 335},
    {"name": "IPredicate", "size": 383},
    {"name": "IValueProxy", "size": 874},
    {
     "name": "math",
     "children": [
      {"name": "DenseMatrix", "size": 3165},
      {"name": "SparseMatrix", "size": 3366}
     ]
    },
    {"name": "Maths", "size": 17705},
    {"name": "Orientation", "size": 1486},
    {
     "name": "palette",
     "children": [
      {"name": "ColorPalette", "size": 6367},
      {"name": "SizePalette", "size": 2291}
     ]
    },
    {"name": "Property", "size": 5559},
    {"name": "Strings", "size": 22026}
   ]
  },
  {
   "name": "vis",
   "children": [
    {
     "name": "axis",
     "children": [
      {"name": "Axes", "size": 1302},
      {"name": "CartesianAxes", "size": 6703}
     ]
    },
    {
     "name": "controls",
     "children": [
      {"name": "AnchorControl", "size": 2138},
      {"name": "TooltipControl", "size": 8435}
     ]
    },
    {
     "name": "data",
     "children": [
      {"name": "Data", "size": 20544},
      {"name": "NodeSprite", "size": 19382},
      {
       "name": "null",
       "children": [
        {"name": "null", "size": 0},
        {"name": "null", "size": 0}
       ]
      },
      {"name": "ScaleBinding", "size": 11275},
      {"name": "TreeBuilder", "size": 9930}
     ]
    },
    {
     "name": "events",
     "children": [
      {"name": "DataEvent", "size": 2313},
      {"name": "VisualizationEvent", "size": 1117}
     ]
    },
    {
     "name": "legend",
     "children": [
      {"name": "Legend", "size": 20859},
      {"name": "LegendRange", "size": 10530}
     ]
    },
    {
     "name": "operator",
     "children": [
      {
       "name": "distortion",
       "children": [
        {"name": "BifocalDistortion", "size": 4461},
        {"name": "FisheyeDistortion", "size": 3444}
       ]
      },
      {
       "name": "encoder",
       "children": [
        {"name": "ColorEncoder", "size": 3179},
        {"name": "SizeEncoder", "size": 1830}
       ]
      },
      {
       "name": "filter",
       "children": [
        {"name": "FisheyeTreeFilter", "size": 5219},
        {"name": "VisibilityFilter", "size": 3509}
       ]
      },
      {"name": "IOperator", "size": 1286},
      {
       "name": "label",
       "children": [
        {"name": "Labeler", "size": 9956},
        {"name": "StackedAreaLabeler", "size": 3202}
       ]
      },
      {
       "name": "layout",
       "children": [
        {"name": "AxisLayout", "size": 6725},
        {"name": "TreeMapLayout", "size": 9191}
       ]
      },
      {"name": "Operator", "size": 2490},
      {"name": "SortOperator", "size": 2023}
     ]
    },
    {"name": "null", "size": 0}
   ]
  }
 ]
}
