{
 "name": "flare",
 "children": [
  {
   "name": "test",
   "children": [
    {
     "name": "cluster",
     "children": [
      {"name": "AgglomerativeCluster", "size": 1},
      {"name": "MergeEdge", "size": 1}
     ]
    },
    {
     "name": "graph",
     "children": [
      {"name": "BetweennessCentrality", "size": 1},
      {"name": "SpanningTree", "size": 1}
     ]
    },
    {
     "name": "optimization",
     "children": [
      {"name": "AspectRatioBanker", "size": 1}
     ]
    }
   ]
  },
  {
   "name": "animate",
   "children": [
    {"name": "Easing", "size": 1},
    {"name": "FunctionSequence", "size": 1},
    {
     "name": "interpolate",
     "children": [
      {"name": "ArrayInterpolator", "size": 1},
      {"name": "RectangleInterpolator", "size": 1}
     ]
    },
    {"name": "ISchedulable", "size": 1},
    {"name": "Tween", "size": 1}
   ]
  },
  {
   "name": "data",
   "children": [
    {
     "name": "converters",
     "children": [
      {"name": "JSONConverter", "size": 1}
     ]
    },
    {"name": "DataField", "size": 1},
    {"name": "DataUtil", "size": 1}
   ]
  },
  {
   "name": "display",
   "children": [
    {"name": "DirtySprite", "size": 1},
    {"name": "TextSprite", "size": 1}
   ]
  },
  {
   "name": "flex",
   "children": [
    {"name": "FlareVis", "size": 1}
   ]
  },
  {
   "name": "physics",
   "children": [
    {"name": "DragForce", "size": 1},
    {"name": "SpringForce", "size": 1}
   ]
  },
  {
   "name": "query",
   "children": [
    {"name": "AggregateExpression", "size": 1},
    {"name": "Maximum", "size": 1},
    {
     "name": "methods",
     "children": [
      {"name": "add", "size": 1},
      {"name": "_", "size": 1}
     ]
    },
    {"name": "Minimum", "size": 1},
    {"name": "Xor", "size": 1}
   ]
  },
  {
   "name": "scale",
   "children": [
    {"name": "IScaleMap", "size": 1},
    {"name": "TimeScale", "size": 1}
   ]
  },
  {
   "name": "util",
   "children": [
    {"name": "Arrays", "size": 1},
    {"name": "Geometry", "size": 1},
    {
     "name": "heap",
     "children": [
      {"name": "FibonacciHeap", "size": 1},
      {"name": "HeapNode", "size": 1}
     ]
    },
    {"name": "IEvaluable", "size": 1},
    {"name": "IPredicate", "size": 1},
    {"name": "IValueProxy", "size": 1},
    {
     "name": "math",
     "children": [
      {"name": "DenseMatrix", "size": 1},
      {"name": "SparseMatrix", "size": 1}
     ]
    },
    {"name": "Maths", "size": 1},
    {"name": "Orientation", "size": 1},
    {
     "name": "palette",
     "children": [
      {"name": "ColorPalette", "size": 1},
      {"name": "SizePalette", "size": 1}
     ]
    },
    {"name": "Property", "size": 1},
    {"name": "Strings", "size": 1}
   ]
  },
  {
   "name": "vis",
   "children": [
    {
     "name": "axis",
     "children": [
      {"name": "Axes", "size": 1},
      {"name": "CartesianAxes", "size": 1}
     ]
    },
    {
     "name": "controls",
     "children": [
      {"name": "AnchorControl", "size": 1},
      {"name": "TooltipControl", "size": 1}
     ]
    },
    {
     "name": "data",
     "children": [
      {"name": "Data", "size": 1},
      {"name": "NodeSprite", "size": 1},
      {
       "name": "null",
       "children": [
        {"name": "null", "size": 0},
        {"name": "null", "size": 0}
       ]
      },
      {"name": "ScaleBinding", "size": 1},
      {"name": "TreeBuilder", "size": 1}
     ]
    },
    {
     "name": "events",
     "children": [
      {"name": "DataEvent", "size": 1},
      {"name": "VisualizationEvent", "size": 1}
     ]
    },
    {
     "name": "legend",
     "children": [
      {"name": "Legend", "size": 1},
      {"name": "LegendRange", "size": 1}
     ]
    },
    {
     "name": "operator",
     "children": [
      {
       "name": "distortion",
       "children": [
        {"name": "BifocalDistortion", "size": 1},
        {"name": "FisheyeDistortion", "size": 1}
       ]
      },
      {
       "name": "encoder",
       "children": [
        {"name": "ColorEncoder", "size": 1},
        {"name": "SizeEncoder", "size": 1}
       ]
      },
      {
       "name": "filter",
       "children": [
        {"name": "FisheyeTreeFilter", "size": 1},
        {"name": "VisibilityFilter", "size": 1}
       ]
      },
      {"name": "IOperator", "size": 1},
      {
       "name": "label",
       "children": [
        {"name": "Labeler", "size": 1},
        {"name": "StackedAreaLabeler", "size": 1}
       ]
      },
      {
       "name": "layout",
       "children": [
        {"name": "AxisLayout", "size": 1},
        {"name": "TreeMapLayout", "size": 1}
       ]
      },
      {"name": "Operator", "size": 1},
      {"name": "SortOperator", "size": 1}
     ]
    },
    {"name": "null", "size": 0}
   ]
  }
 ]
}
